,Tahun,Total Sampah
0,2015,20969.269999999997
1,2016,20969.269999999997
2,2017,20969.269999999997
3,2018,22772.92
4,2019,24490.559999999998
5,2020,25333.0
6,2021,15735.360000000002
